{
  "pathway_enrichment": {
    "DNA_repair": 1.4568041382837165,
    "p53_signaling": 1.9562675371170437,
    "Apoptosis": 0.969697136960212
  },
  "summary": {
    "total_pathways_analyzed": 448,
    "significant_pathways": 413,
    "target_pathways_passed": 3
  }
}